Input_Size,Execution_Time_s,LCS_Result,ratio
10,0.000036,2,0
20,0.000079,4,2.194444444
40,0.000235,13,2.974683544
80,0.001170,23,4.978723404
160,0.022586,46,19.304273504
320,0.021957,95,0.97215089
640,0.068481,210,3.118868698
1280,0.276331,411,4.035148435
2560,1.297843,828,4.696697077
5120,5.043856,1662,3.886337562
10240,19.109139,3314,3.788597256
20480,81.320453,6641,4.255579124
40960,315.241245,13330,3.876530853
